{"serial":"6","sid":"13375","uuid":"e5788aa4-65aa-4fd2-b280-180720d19795","token":"kq-HxzLi33Xkmm2kDZktELIrfiDg39atwPvaaDl8Ub0","uri":"\/form\/capacidades-de-datos-matriz-de-m","created":"1692732729","completed":"1692732729","changed":"1692732729","in_draft":"0","current_page":"","remote_addr":"172.18.0.6","uid":"1","langcode":"es","webform_id":"capacidades_de_datos_matriz_de_m","entity_type":"","entity_id":"","locked":"0","sticky":"0","notes":"","data":{"10_se_desarrollan_y_entrenan_modelos_de_aprendizaje_automatico_y":"No aplica porque no est\u00e1 dentro de las tareas del \u00e1rea aplicar estas t\u00e9cnicas","11_tienen_documentados_los_proyectos_de_ciencia_de_datos_":"No sabe","13_con_que_frecuencia_actualizan_los_reportes_":"No sabe","14_forma_reportes":"De forma automatizada","18_conoce_la_normativa_de_proteccion_de_datos_personales_":"No conozco ninguna","19_esta_definido_por_cuanto_tiempo_se_deben_guardar_los_datos_pe":"Si","21_los_datos_sensibles_son_recogidos_con_consentimiento_":"No aplica porque no est\u00e1 dentro de las tareas del \u00e1rea definir pol\u00edticas de protecci\u00f3n de datos ni recolectar datos sensibles","23_se_generan_espacios_de_dialogos_comites_para_hablar_sobre_dif":"No aplica porque no est\u00e1 dentro de las tareas del \u00e1rea definir las pol\u00edticas de datos","24_tienen_lineamientos_de_proteccion_de_datos_definidos_":"No","25_tienen_relevados_roles_respecto_a_los_datos_":"No","26_existen_politicas_sobre_quien_puede_utilizar_los_datos_como_p":"Si","27_tienen_documentadas_las_etapas_del_ciclo_de_vida_de_los_datos":"No aplica porque no est\u00e1 dentro de las tareas del \u00e1rea documentar procesos en relaci\u00f3n al ciclo de vida de los datos","28_realizan_capacitaciones_para_el_personal_en_gobernanza_de_dat":"No sabe","30_tienen_implementado_algun_sistema_de_acceso_a_la_informacion_":"No","33_tienen_procesos_y_procedimientos_documentados_que_analicen_el":"No aplica porque no est\u00e1 dentro de las tareas hacer seguimiento sobre la calidad de los datos","34_tienen_perfiles_profesionales_tecnicos_dedicados_a_evaluar_co":"Si","35_se_intercambian_datos_":"Con \u00e1reas internas y con usuarios externos a la organizaci\u00f3","36_tienen_definidos_mecanismos_para_que_las_personas_de_la_organ":"No aplica porque no est\u00e1 dentro de las tareas definir pol\u00edticas de intercambio de datos","37_tienen_perfiles_profesionales_tecnicos_especializados_en_el_t":"No","39_que_tan_bien_documentados_estan_los_datos_":"No sabe","3_quien_controla_el_y_gestiona_la_base_de_datos_":"Lo hace un equipo interno (que forma parte del organismo)","41_tienen_personas_trabajando_que_se_especialicen_en_el_tema_":"No aplica porque no est\u00e1 dentro de las tareas definir el modelado de los datos","5_utilizan_alguna_tecnologia_para_integrar_los_datos_de_diferent":"No","6_tienen_documentadas_las_politicas_de_integracion_de_datos_":"No sabe","8_aplican_tecnicas_estadisticas_y_modelos_matematicos_para_anali":"No aplica porque no est\u00e1 dentro de las tareas hacer ciencia de datos","9_utilizan_herramientas_de_visualizacion_para_crear_graficos_y_t":"No","apellido_y_nombre":"Dixisset","api_interfaz_de_programacion_de_aplicaciones_es_un_conjunto_de_r":"No aplica porque no est\u00e1 dentro de las tareas del \u00e1rea publicar y\/o abrir datos","base_de_datos_sistema_organizado_para_almacenar_y_recuperar_info":"No sabe","calidad_de_los_datos_refieren_a_la_medida_en_que_los_datos_cumpl":"No sabe","cargo_puesto_que_ocupa":"Oratione","correo_electronico":"example@example.com","destruccion_de_datos_proceso_mediante_el_cual_se_eliminan_de_for":"No aplica porque no est\u00e1 dentro de las tareas del \u00e1rea la destrucci\u00f3n de los datos","indique_area_de_gobierno_institucion_empresa_a_la_que_pertenece":"","integracion_de_datos_es_el_proceso_de_combinar_datos_de_diferent":"Si","la_clasificacion_de_los_datos_se_refiere_a_la_division_de_los_da":"No aplica porque no est\u00e1 dentro de las tareas del \u00e1rea clasificar los datos","los_formatos_mas_comunes_y_estandar_para_la_lectura_de_datos_abi":"No sabe","modelo_de_datos_es_una_representacion_abstracta_de_la_estructura":"No sabe","nombre_de_la_ciudad":"","pais":"","pregunta_de_respuesta_multiple_2":["C\u00f3mo ser\u00e1n adquiridos","C\u00f3mo ser\u00e1n gestionados","No tienen documentaci\u00f3n"],"recopilacion_de_datos_es_el_proceso_de_reunir_y_registrar_inform":"No sabe","si_responde_opcion_no_estan_disponibles_o_no_sabe_pasa_a_pregunt":"Est\u00e1n disponibles para \u00e1reas internas","si_responde_opcion_no_no_sabe_o_no_aplica_pasa_a_pregunta_12_":"Si","si_responde_opcion_no_no_sabe_o_no_aplica_pasa_a_pregunta_15_":"No","si_responde_opcion_no_o_no_sabe_pasa_a_pregunta_31_":"Si","sugerencias_":"Oratione","valor_agregado_el_uso_coherente_de_identificadores_unicos_tambi1":["Credibilidad","Valor agregado","Ninguno"],"_cual_es_el_nombre_del_area_de_gobierno_a_la_que_pertenece_coord":"Dixisset","_de_que_secretaria_o_subsecretaria_depende_":"Loremipsum","_perteneces_a_un_area_del_gobierno_de_la_ciudad_de_buenos_aires_":"Si"}}